#
# PHP TestFest 2017: Participating Groups
#
# When adding or modifying group details, please keep groups arranged in
# alphabetical order by the "name" property.
#

- name: 010PHP
  location: Rotterdam, ZH, The Netherlands
  website: https://010php.nl
  meetup: https://www.meetup.com/010PHP
  twitter: https://twitter.com/010PHP
  contacts:
    - name: Roberto Gardenier
      email: roberto@010php.nl
    - name: Peter Breuls
      email: breuls@010php.nl

- name: AtlantaPHP
  location: Atlanta, GA, USA
  website: http://atlantaphp.org
  meetup: http://www.meetup.com/atlantaphp
  twitter: https://twitter.com/AtlantaPHP
  contacts:
    - name: Chris Spruck
      email: chris@atlantaphp.org

- name: Chicago PHP UG
  location: Chicago, IL, USA
  website: https://www.meetup.com/Chicago-PHP-User-Group/
  meetup: https://www.meetup.com/Chicago-PHP-User-Group/
  twitter: https://twitter.com/ChiPHPUG
  contacts:
    - name: Sammy Kaye Powers
      email: message through Meetup
    - name: Nick Escobedo
      email: message through Meetup

- name: ColumbusPHP
  location: Columbus, OH, USA
  website: http://columbusphp.org
  meetup: https://www.meetup.com/phpphp/
  twitter: https://twitter.com/ColumbusPHP
  contacts:
    - name: Bill Condo
      email: message through Meetup

- name: GrUSP
  location: Italy
  website: http://www.grusp.org
  twitter: https://twitter.com/grusp
  contacts:
    - name: Matteo Beccati
      email: mbeccati@php.net

- name: IndyPHP
  location: Indianapolis, IN, USA
  website: http://indyphp.com
  meetup: https://www.meetup.com/indyphp
  contacts:
    - name: Ben Harold
      email: benharold@mac.com

- name: İstanbul PHP
  location: İstanbul, Turkey
  website: https://www.meetup.com/IstanbulPHP
  meetup: https://www.meetup.com/IstanbulPHP/
  twitter: https://twitter.com/istanbulphp
  contacts:
    - name: Emir Karşıyakalı
      email: emirkarsiyakali@gmail.com

- name: Kansas City PHP UG
  location: Kansas City, MO, USA
  website: http://kcpug.org/
  meetup: https://www.meetup.com/kcphpug/
  twitter: https://twitter.com/kcphpug
  contacts:
    - name: Dan Holmes
      email: dan.holmes@gmail.com
    - name: John Kary
      email: john@johnkary.net
    - name: Eric Poe
      email: eric.poe@gmail.com

- name: MemphisPHP
  location: Memphis, TN, USA
  website: http://memphisphp.org
  meetup: https://www.meetup.com/Memphis-PHP-Meetup/
  twitter: https://twitter.com/memphisphp
  contacts:
    - name: Joe Ferguson
      email: joe at joe ferguson dot me
      
- name: Milwaukee PHP UG
  location: Milwaukee, WI, USA
  website: http://mkepug.org/
  meetup: https://www.meetup.com/Milwaukee-PHP-Users-Group/
  twitter: https://twitter.com/mkepug
  contacts:
    - name: Joel Clermont
      email: message through Meetup
    - name: Jeremy Dee
      email: message through Meetup

- name: Minnesota PHP UG
  location: Bloomington, MN, USA
  website: https://www.meetup.com/mn-php/
  meetup: https://www.meetup.com/mn-php/
  twitter: https://twitter.com/mnphp
  contacts:
    - name: Jonathan Sundquist
      email: message through Meetup
    - name: Edward Barnard
      email: message through Meetup
    - name: Mike Willbanks
      email: message through Meetup

- name: Nashville PHP
  location: Nashville, TN, USA
  website: http://nashvillephp.org
  meetup: https://www.meetup.com/nashvillephp/
  twitter: https://twitter.com/nashvillephp/
  contacts:
    - name: Ben Ramsey
      email: organizers@nashvillephp.org
    - name: Marcus Fulbright
      email: organizers@nashvillephp.org
    - name: Matt Trask
      email: organizers@nashvillephp.org
    - name: Rachel Werner
      email: organizers@nashvillephp.org

- name: Palm Beach PHP
  location: West Palm Beach, FL, USA
  meetup: https://www.meetup.com/Palm-Beach-PHP/
  twitter: https://twitter.com/SoFloPHP
  contacts:
    - name: Cal Evans
      email: cal@nomadphp.com

- name: PHP Leuven
  location: Leuven, Belgium
  website: https://www.meetup.com/PHP-Leuven-Web-Innovation-Group/
  meetup: https://www.meetup.com/PHP-Leuven-Web-Innovation-Group/
  twitter: https://twitter.com/phpleuven
  contacts:
    - name: Bart Reunes
      email: metalarend@gmail.com

- name: PHP Limburg
  location: Limburg, Belgium
  meetup: https://www.meetup.com/PHP-Limburg-BE/
  twitter: https://twitter.com/phplimbe
  contacts:
    - name: Gabriel Somoza
      email: gabriel@strategery.io

- name: PHP Varna
  location: Varna, Bulgaria
  meetup: https://www.meetup.com/phpvarna/
  twitter: https://twitter.com/phpvarna
  contacts:
    - name: Boyan Yordanov

- name: PHP Vegas
  location: Las Vegas, NV USA
  website: http://www.phpvegas.com/
  meetup: https://www.meetup.com/PHP-Vegas/
  twitter: https://twitter.com/PHPVegas
  contacts:
    - name: PHP Vegas Team
      email: team@phpvegas.com

- name: PHP-WVL & Ghent PHP
  location: Ghent, Belgium
  website: http://php.gent
  meetup: https://www.meetup.com/php-wvl/
  twitter: https://twitter.com/phpwvl
  contacts:
    - name: Jachim Coudenys
      email: jachim@php-wvl.be

- name: PHPDublin
  location: Dublin, Ireland
  website: http://phpdublin.com/
  meetup: https://www.meetup.com/PHP-Dublin/
  twitter: https://twitter.com/phpdublin
  contacts:
    - name: Barry O'Sullivan
      email: barry@tercet.io
    - name: Bruno Ricardo Siqueira
      email: brunoric@gmail.com
    - name: Joao Paulo V Martins
      email: jp.joao@gmail.com
    - name: Ken Guest
      email: kguest@php.net
    - name: Michael Flanagan
      email: michael@flanagan.ie

- name: PHPMiNDS
  location: Nottingham, UK
  website: https://phpminds.org/
  meetup: https://www.meetup.com/phpminds
  twitter: https://twitter.com/phpminds
  contacts:
    - name: Adoni Pavlakis
      email: adoni@phpminds.org
    - name: Shaun Hare
      email: shaun@phpminds.org

- name: PHPRio
  location: Rio de Janeiro, Brazil
  website: http://php.rio/
  meetup: https://www.meetup.com/pt-BR/PHP-Rio/
  twitter: https://twitter.com/phprio
  contacts:
    - name: Raphael Almeida
      email: raphael.dealmeida@phprio.org
    - name: Igor Santos
      email: igorsantos07@phprio.org
    - name: Vitor Mattos
      email: vitor.mattos@gmail.com

- name: PHPPR
  location: Paraná, Brazil
  website: http://www.phppr.org/
  meetup: https://www.meetup.com/pt-BR/PHP-PR
  twitter: https://twitter.com/phppr_org
  contacts:
    - name: Domingos Teruel
      email: mingomax@dteruel.net.br
    - name: Flavio Silveira
      email: flavioaugustosilveira@gmail.com
    - name: Fernando Moreira
      email: nandomoreira.me@gmail.com

- name: PHPRS
  location: Rio Grande do Sul, Brazil
  website: http://www.phprs.com.br/
  meetup: https://www.meetup.com/PHP-RS/
  twitter: https://twitter.com/phprs
  contacts:
    - name: Er Galvão
      email: galvao@galvao.eti.br
    - name: Fernando Silva
      email: fernando@phprs.com.br
    - name: Grupo PHPRS
      email: contato@phprs.com.br

- name: PHPSP
  location: São Paulo, Brazil
  website: http://phpsp.org.br/
  meetup: https://www.meetup.com/php-sp/
  twitter: https://twitter.com/phpsp
  contacts:
    - name: Rogerio Prado de Jesus
      email: rogerio@phpsp.org.br
    - name: Luiz Felipe de Oliva Limeira
      email: lflimeira02@gmail.com

- name: PHPUG Frankfurt
  location: Frankfurt, Germany
  website: http://www.phpugffm.de/
  github: https://github.com/PHP-Usergroup-FFM
  twitter: https://twitter.com/phpugffm
  contacts:
    - name: Christian Nielebock
      email: christian@phpugffm.de
    - name: Stephan Hochdörfer
      email: stephan@phpugffm.de
    - name: Andreas Heigl
      email: andreas@phpugffm.de

- name: PHPUG Rheinhessen
  location: Mainz, Germany
  website: http://www.phpug-rheinhessen.de/
  meetup: https://www.meetup.com/de-DE/PHP-User-Group-Rheinhessen/
  twitter: https://twitter.com/phpugrhh
  contacts:
    - name: Christian Münch
      email: christian@muench-worms.de
    - name: Matthias Gutjahr
      email: mail@matthias-gutjahr.de

- name: PUG Milano
  location: Milano, Italy
  website: http://milano.grusp.org
  meetup: http://www.meetup.com/MilanoPHP
  twitter: https://twitter.com/MilanoPHP
  contacts:
    - name: PUG-MI Coordinators
      email: pugmilano@gmail.com

- name: PUG Roma
  location: Roma, Italy
  website: http://roma.grusp.org/
  meetup: http://www.meetup.com/it-IT/PUG-Roma/
  twitter: https://twitter.com/PUG_Roma
  contacts:
    - name: Massimiliano Arione
      email: garakkio@gmail.com

- name: SDPHP
  location: San Diego, CA, USA
  website: http://www.sdphp.org
  meetup: http://www.meetup.com/SanDiegoPHP
  twitter: https://twitter.com/sdphp
  contacts:
    - name: John Congdon
      email: john@sdphp.org
    - name: Eric Van Johnson
      email: eric@sdphp.org

- name: Utah PHP
  location: Lehi, UT, USA
  website: http://uphpu.org
  meetup: http://www.meetup.com/Utah-PHP-User-Group
  twitter: https://twitter.com/uphpu
  contacts:
    - name: Mark Niebergall
      email: mbniebergall@gmail.com
